<customUI xmlns="http://schemas.microsoft.com/office/2006/01/customui" onLoad="ribbon.OnAddinLoad">
    <ribbon startFromScratch="false">
        <tabs>
            <tab id="wpsAddinTab" label="wps加载项示例">
				<group id="btnDemoGroup" label="group1">
                    <button id="articleOptimization" label="全文段落优化" onAction="ribbon.OnAction" getEnabled="ribbon.OnGetEnabled"  getImage="ribbon.GetImage" visible="true" size="large"/>
                    <button id="selectionOptimization" label="选择段落优化" onAction="ribbon.OnAction" getEnabled="ribbon.OnGetEnabled"  getImage="ribbon.GetImage" visible="true" size="large"/>
                    <button id="showDialog" label="文章纠错" onAction="ribbon.OnAction" getEnabled="ribbon.OnGetEnabled"  getImage="ribbon.GetImage" getVisible="ribbon.OnGetVisible" size="large"/>
                    <button id="showTaskPane" label="文章格式" onAction="ribbon.OnAction" getEnabled="ribbon.OnGetEnabled"  getImage="ribbon.GetImage" getVisible="ribbon.OnGetVisible" size="large"/>
				</group>
            </tab>
        </tabs>
    </ribbon>
</customUI>